{"H": 1.7320508075688772, "He": 0.0, "Li": 1.7320508075688772, "Be": 0.0, "B": 1.7320508075688772, "C": 2.8284271247461903, "N": 3.872983346207417, "O": 2.8284271247461903, "F": 1.7320508075688772, "Ne": 0.0, "Na": 1.7320508075688772, "Mg": 0.0, "Al": 1.7320508075688772, "Si": 2.8284271247461903, "P": 3.872983346207417, "S": 2.8284271247461903, "Cl": 1.7320508075688772, "Ar": 0.0, "K": 1.7320508075688772, "Ca": 0.0, "Sc": 1.7320508075688772, "Ti": 2.8284271247461903, "V": 3.872983346207417, "Cr": 6.928203230275509, "Mn": 5.916079783099616, "Fe": 4.898979485566356, "Co": 3.872983346207417, "Ni": 2.8284271247461903, "Cu": 1.7320508075688772, "Zn": 0.0, "Ga": 1.7320508075688772, "Ge": 2.8284271247461903, "As": 3.872983346207417, "Se": 2.8284271247461903, "Br": 1.7320508075688772, "Kr": 0.0, "Rb": 1.7320508075688772, "Sr": 0.0, "Y": 1.7320508075688772, "Zr": 2.8284271247461903, "Nb": 5.916079783099616, "Mo": 6.928203230275509, "Tc": 5.916079783099616, "Ru": 4.898979485566356, "Rh": 3.872983346207417, "Pd": 0.0, "Ag": 1.7320508075688772, "Cd": 0.0, "In": 1.7320508075688772, "Sn": 2.8284271247461903, "Sb": 3.872983346207417, "Te": 2.8284271247461903, "I": 1.7320508075688772, "Xe": 0.0, "Cs": 1.7320508075688772, "Ba": 0.0, "La": 1.7320508075688772, "Ce": 2.8284271247461903, "Pr": 3.872983346207417, "Nd": 4.898979485566356, "Pm": 5.916079783099616, "Sm": 6.928203230275509, "Eu": 7.937253933193772, "Gd": 8.94427190999916, "Tb": 5.916079783099616, "Dy": 4.898979485566356, "Ho": 3.872983346207417, "Er": 2.8284271247461903, "Tm": 1.7320508075688772, "Yb": 0.0, "Lu": 1.7320508075688772, "Hf": 2.8284271247461903, "Ta": 3.872983346207417, "W": 4.898979485566356, "Re": 5.916079783099616, "Os": 4.898979485566356, "Ir": 3.872983346207417, "Pt": 2.8284271247461903, "Au": 1.7320508075688772, "Hg": 0.0, "Tl": 1.7320508075688772, "Pb": 2.8284271247461903, "Bi": 3.872983346207417, "Po": 2.8284271247461903, "At": 1.7320508075688772, "Rn": 0.0, "Fr": 1.7320508075688772, "Ra": 0.0, "Ac": 1.7320508075688772, "Th": 2.8284271247461903, "Pa": 3.872983346207417, "U": 4.898979485566356, "Np": 5.916079783099616, "Pu": 6.928203230275509, "Am": 7.937253933193772, "Cm": 8.94427190999916, "Bk": 5.916079783099616, "Cf": 4.898979485566356, "Es": 3.872983346207417, "Fm": 2.8284271247461903, "Md": 1.7320508075688772, "No": 0.0, "Lr": 1.7320508075688772, "Rf": 2.8284271247461903, "Db": 3.872983346207417, "Sg": 4.898979485566356, "Bh": 5.916079783099616, "Hs": 4.898979485566356, "Mt": 3.872983346207417, "Ds": 2.8284271247461903, "Rg": 1.7320508075688772, "Cn": 0.0, "Nh": 1.7320508075688772, "Fl": 2.8284271247461903, "Mc": 3.872983346207417, "Lv": 2.8284271247461903, "Ts": 1.7320508075688772, "Og": 0.0}