{
  "training_total_time_s": 455.1797614097595,
  "epoch_times_s": [
    14.387677192687988,
    12.372176170349121,
    14.574065923690796,
    13.743168354034424,
    14.69219708442688,
    13.70988941192627,
    14.695545673370361,
    12.594995498657227,
    10.935116052627563,
    12.367682933807373,
    14.169881582260132,
    12.812179803848267,
    12.531036376953125,
    13.7884361743927,
    12.82461404800415,
    13.900134325027466,
    11.086334943771362,
    11.00029969215393,
    13.134331941604614,
    14.800903558731079,
    15.212602853775024,
    12.20331358909607,
    12.510857343673706,
    12.645660161972046,
    12.096590757369995,
    11.143857717514038,
    11.74753189086914,
    12.85865068435669,
    14.347414493560791,
    14.165789365768433
  ],
  "peak_cpu_mem_mb": 1422.12109375,
  "val_metrics": {
    "R2": 0.834738552570343,
    "MAE": 0.008862868882715702,
    "RMSE": 0.012384365312755108,
    "CC": 0.9214429176305003,
    "total_time_s": 1.917553424835205,
    "time_per_sample_s": 0.0021716346827125766
  },
  "test_metrics": {
    "R2": 0.839294970035553,
    "MAE": 0.00886167585849762,
    "RMSE": 0.012756412848830223,
    "CC": 0.9223619292577894,
    "total_time_s": 1.8713769912719727,
    "time_per_sample_s": 0.0021169422978189736
  }
}