{"H": 20.77699860593936,  "He": 7.705726041185382,  "Li": 7.662539772433416,  "Be": 10.202030702786946,  "B": 10.107254457842265,  "C": 20.160318672235366,  "N": 20.23737987989413,  "O": 20.23365663578355,  "F": 20.242299317764267,  "Ne": 5.8008973987760655,  "Na": 5.824177898224324,  "Mg": 9.92567537434217,  "Al": 10.14978793371868,  "Si": 9.971318915642229,  "P": 10.045673102754083,  "S": 10.010150541605865,  "Cl": 10.417423377608184,  "Ar": 5.652197280116968,  "K": 4.594005565851722,  "Ca": 5.606964973548035,  "Sc": 9.542044934214957,  "Ti": 9.441489521431809,  "V": 13.14441829973471,  "Cr": 13.099276544210916,  "Mn": 13.017409059871365,  "Fe": 18.872856301346577,  "Co": 13.119895777366146,  "Ni": 13.07199789647069,  "Cu": 13.858720153606265,  "Zn": 12.905335055078012,  "Ga": 10.342313751997857,  "Ge": 10.088368537680294,  "As": 9.424610380436095,  "Se": 10.501667444102289,  "Br": 10.489337243539548,  "Kr": 4.522227820537608,  "Rb": 3.733184397644664,  "Sr": 4.281600217389337,  "Y": 7.2511633489430585,  "Zr": 9.575301003011058,  "Nb": 9.514205955179284,  "Mo": 8.814737570766304,  "Tc": 9.42169027794429,  "Ru": 8.847705655112449,  "Rh": 8.816398970997499,  "Pd": 8.78887424909333,  "Ag": 10.156846296137527,  "Cd": 9.734607019133675,  "In": 9.692939878170318,  "Sn": 9.549000841704233,  "Sb": 9.50722538235916,  "Te": 9.57792689871932,  "I": 9.528712336022327,  "Xe": 3.6612578293542177,  "Cs": 2.886739437469897,  "Ba": 4.381964416038713,  "La": 7.351587333182608,  "Ce": 7.306701252082888,  "Pr": 7.2916784404586545,  "Nd": 7.699596613128393,  "Pm": 7.265829679526522,  "Sm": 7.533922936708741,  "Dy": 7.492772211265535,  "Ho": 7.645927174258092,  "Lu": 7.479963764528078,  "Hf": 9.881045349941449,  "Ta": 9.199416796405888,  "W": 9.296251337808824,  "Re": 9.429347265679237,  "Os": 9.795183972489893,  "Ir": 9.774473554274987,  "Pt": 10.449048839581877,  "Au": 10.307975356083183,  "Hg": 7.425486083462746,  "Tl": 7.68925081374912,  "Pb": 7.806113961230177,  "Bi": 7.777145065041703,  "Po": 7.4040718844060995,  "Rn": 3.9181554542327497,  "Eu": 9.565968003675902,  "Gd": 9.565968003675902,  "Tb": 9.565968003675902,  "Er": 9.565968003675902,  "Tm": 9.565968003675902,  "Yb": 9.565968003675902,  "At": 9.565968003675902,  "Fr": 9.565968003675902,  "Ra": 9.565968003675902,  "Ac": 9.565968003675902,  "Th": 9.565968003675902,  "Pa": 9.565968003675902,  "U": 9.565968003675902,  "Np": 9.565968003675902,  "Pu": 9.565968003675902,  "Am": 9.565968003675902,  "Cm": 9.565968003675902,  "Bk": 9.565968003675902,  "Cf": 9.565968003675902,  "Es": 9.565968003675902,  "Fm": 9.565968003675902,  "Md": 9.565968003675902,  "No": 9.565968003675902,  "Lr": 9.565968003675902,  "Rf": 9.565968003675902,  "Db": 9.565968003675902,  "Sg": 9.565968003675902,  "Bh": 9.565968003675902,  "Hs": 9.565968003675902,  "Mt": 9.565968003675902,  "Ds": 9.565968003675902,  "Rg": 9.565968003675902,  "Cn": 9.565968003675902,  "Nh": 9.565968003675902,  "Fl": 9.565968003675902,  "Mc": 9.565968003675902,  "Lv": 9.565968003675902,  "Ts": 9.565968003675902,  "Og": 9.565968003675902}